URL,ID,Recipe Title,Meal Type,Calculation,prep time,cook time,cook method,Image Preview URL,Image,Attachment
http://thecolorfulkitchen.com,,Vegan Cookie-Stuffed Cheezecake,Collection,http://thecolorfulkitchen.com,,,,,,
http://thecolorfulkitchen.com/2015/04/01/sweet-potato-and-kale-mac-n-cheese-vegan-gluten-free/,,"Sweet Potato and Kale Mac n' Cheese, Vegan + Gluten-Free",Dinner,http://thecolorfulkitchen.com/2015/04/01/sweet-potato-and-kale-mac-n-cheese-vegan-gluten-free/,45,20,Bake and stovetop,https://thecolorfulkitchen.com/wp-content/uploads/2015/03/Sweet-Potato-Mac-n-Cheese-Vegan-Gluten-Free-700x467.jpg,https://thecolorfulkitchen.com/wp-content/uploads/2015/03/Sweet-Potato-Mac-n-Cheese-Vegan-Gluten-Free-700x467.jpg,
http://thecolorfulkitchen.com/2016/02/01/3-ingredient-chocolate-mousse-vegan-gluten-free-2/,,"3-Ingredient Chocolate Mousse, Vegan & Gluten-Free",Dessert,http://thecolorfulkitchen.com/2016/02/01/3-ingredient-chocolate-mousse-vegan-gluten-free-2/,5,0,Blend and chill,https://thecolorfulkitchen.com/wp-content/uploads/2016/01/3-Ingredient-Chocolate-Mousse-Vegan-Gluten-Free-2-700x467.jpg,https://thecolorfulkitchen.com/wp-content/uploads/2016/01/3-Ingredient-Chocolate-Mousse-Vegan-Gluten-Free-2-700x467.jpg,
http://thecolorfulkitchen.com/2016/06/09/vegan-fruit-veggie-everything-breakfast-loaf/,,Vegan Fruit And Veggie Everything Breakfast Loaf,Breakfast,http://thecolorfulkitchen.com/2016/06/09/vegan-fruit-veggie-everything-breakfast-loaf/,10,45,Bake in oven,https://thecolorfulkitchen.com/wp-content/uploads/2016/06/Fruit-and-Veggie-Breakfast-Loaf-2-700x467.jpg,https://thecolorfulkitchen.com/wp-content/uploads/2016/06/Fruit-and-Veggie-Breakfast-Loaf-2-700x467.jpg,
http://thecolorfulkitchen.com/2017/04/03/best-chickpea-chocolate-chip-cookies/,,"The Best Chickpea Chocolate Chip Cookies, Vegan & Gluten-Free",Dessert,http://thecolorfulkitchen.com/2017/04/03/best-chickpea-chocolate-chip-cookies/,10,20,Bake,https://thecolorfulkitchen.com/wp-content/uploads/2017/03/Best-Chickpea-Chocolate-Chip-Cookies-Vegan-Gluten-Free-4-700x467.jpg,https://thecolorfulkitchen.com/wp-content/uploads/2017/03/Best-Chickpea-Chocolate-Chip-Cookies-Vegan-Gluten-Free-4-700x467.jpg,
http://thecolorfulkitchen.com/2017/09/25/pumpkin-pie-smoothie-secret-ingredient-cauliflower-vegan-gluten-free/,,"Pumpkin Pie Smoothie Bowl (Secret Ingredient: Cauliflower!), Vegan + Gluten-Free",Breakfast,http://thecolorfulkitchen.com/2017/09/25/pumpkin-pie-smoothie-secret-ingredient-cauliflower-vegan-gluten-free/,5,0,Blend,https://thecolorfulkitchen.com/wp-content/uploads/2017/09/Pumpkin-Pie-Smoothie-secret-ingredient-cauliflower-2-700x467.jpg,https://thecolorfulkitchen.com/wp-content/uploads/2017/09/Pumpkin-Pie-Smoothie-secret-ingredient-cauliflower-2-700x467.jpg,
http://thecolorfulkitchen.com/sweet-potato-and-kale-mac-n-cheese-vegan-gluten-free/,,"Sweet Potato and Kale Mac n' Cheese, Vegan + Gluten-Free",Dinner,http://thecolorfulkitchen.com/sweet-potato-and-kale-mac-n-cheese-vegan-gluten-free/,45,20,Bake and stovetop,https://thecolorfulkitchen.com/wp-content/uploads/2015/03/Sweet-Potato-Mac-n-Cheese-Vegan-Gluten-Free-700x467.jpg,https://thecolorfulkitchen.com/wp-content/uploads/2015/03/Sweet-Potato-Mac-n-Cheese-Vegan-Gluten-Free-700x467.jpg,
http://thecolorfulkitchen.com/vegan-avocado-chocolate-chip-cookies/,,Vegan Avocado Chocolate Chip Cookies,Dessert,http://thecolorfulkitchen.com/vegan-avocado-chocolate-chip-cookies/,10,11-13,Bake in oven,https://thecolorfulkitchen.com/wp-content/uploads/2014/08/Avocado-Chocolate-Chip-Cookies-Vegan-Gluten-Free-2-700x467.jpg,https://thecolorfulkitchen.com/wp-content/uploads/2014/08/Avocado-Chocolate-Chip-Cookies-Vegan-Gluten-Free-2-700x467.jpg,
https://allergyawesomeness.com/30-minute-dairy-free-creamy-tuscan-chicken-gf-df-egg-soy-peanut-tree-nut-free-top-8-free/,,30 Minute Dairy-Free Creamy Tuscan Chicken,Dinner,https://allergyawesomeness.com/30-minute-dairy-free-creamy-tuscan-chicken-gf-df-egg-soy-peanut-tree-nut-free-top-8-free/,10,20,Fry,https://allergyawesomeness.com/wp-content/uploads/2016/07/tuscan.ckn_.spread.5x7-732x1024.jpg,https://allergyawesomeness.com/wp-content/uploads/2016/07/tuscan.ckn_.spread.5x7-732x1024.jpg,
https://allergyawesomeness.com/dairy-free-creamy-green-chile-chicken/,,Dairy Free Creamy Green Chile Chicken,Dinner,https://allergyawesomeness.com/dairy-free-creamy-green-chile-chicken/,5,20,Instant Pot or Slow Cooker,https://allergyawesomeness.com/wp-content/uploads/2021/01/dairy-free-creamy-green-chile-chicken-685x1024.jpg,https://allergyawesomeness.com/wp-content/uploads/2021/01/dairy-free-creamy-green-chile-chicken-685x1024.jpg,
https://allergyawesomeness.com/egg-and-dairy-free-frittata/,,Egg-Free & Dairy-Free Frittata Cups,Breakfast,https://allergyawesomeness.com/egg-and-dairy-free-frittata/,10,20,Bake in oven,https://allergyawesomeness.com/wp-content/uploads/2018/03/egg-free-dairy-free-frittata-recipe-731x1024.jpg,https://allergyawesomeness.com/wp-content/uploads/2018/03/egg-free-dairy-free-frittata-recipe-731x1024.jpg,
https://allergyawesomeness.com/slow-cooker-sante-fe-chicken-gf-df-egg-peanut-tree-nut-free-soy-free-option/,,Slow Cooker Sante Fe Chicken,Dinner,https://allergyawesomeness.com/slow-cooker-sante-fe-chicken-gf-df-egg-peanut-tree-nut-free-soy-free-option/,15,240,Slow cooker,https://allergyawesomeness.com/wp-content/uploads/2016/07/slow.cooker.sante_.fe_.5x7.logo_-731x1024.jpg,https://allergyawesomeness.com/wp-content/uploads/2016/07/slow.cooker.sante_.fe_.5x7.logo_-731x1024.jpg,
https://amazingfoodanddrink.com/recipes/dairy-free-kids-meals/,,Dairy-Free Kids’ Meals: Fun & Delicious Dairy-Free Recipes for Kids,Collection,https://amazingfoodanddrink.com/recipes/dairy-free-kids-meals/,,,,,,
https://boobtofood.com/2022-12-22-food-swaps-on-a-dairy-and-soy-free-diet-2/,,Food Swaps on a Dairy and Soy Free Diet,Collection,https://boobtofood.com/2022-12-22-food-swaps-on-a-dairy-and-soy-free-diet-2/,,,,,,
https://cookieandkate.com/quinoa-stuffed-peppers-recipe/,,"2\. **Quinoa Stuffed Peppers**: Colorful, nutritious peppers stuffed with quinoa.",Dinner,https://cookieandkate.com/quinoa-stuffed-peppers-recipe/,,,,,,
https://cooking.nytimes.com/tag/beef,,Phở Bò Miền Nam (Beef Phở),Collection,https://cooking.nytimes.com/tag/beef,,,,,,
https://cupcakeloveblog.com/2014/06/10/chicken-and-noodles-dairy-free-egg-free/,,"Chicken and Noodles (Dairy-Free, Egg-Free)",Dinner,https://cupcakeloveblog.com/2014/06/10/chicken-and-noodles-dairy-free-egg-free/,5,16,one pot on stove,https://cupcakeloveblog.com/wp-content/uploads/2014/02/chicken-and-noodleslr.jpg,https://cupcakeloveblog.com/wp-content/uploads/2014/02/chicken-and-noodleslr.jpg,
https://damndelicious.net/2014/12/28/honey-garlic-pork-chops/,,"2\. **Honey Garlic Pork Chops**: Savory, sweet pork chops.",Dinner,https://damndelicious.net/2014/12/28/honey-garlic-pork-chops/,,,,,,
https://daniellewalker.com/easy-dairy-free-dinner-ideas-for-families/,,Easy Dairy Free Dinner Ideas For Families,Collection,https://daniellewalker.com/easy-dairy-free-dinner-ideas-for-families/,,,,,,
https://deliciouslyallergyfree.com/recipe/paleo-chicken-schnitzels/,,Paleo Chicken Schnitzels,Dinner,https://deliciouslyallergyfree.com/recipe/paleo-chicken-schnitzels/,15,20,Shallow fry or bake,https://deliciouslyallergyfree.com/wp-content/uploads/2016/09/Allergy-friendly-Chicken.jpg,https://deliciouslyallergyfree.com/wp-content/uploads/2016/09/Allergy-friendly-Chicken.jpg,
https://drcindyjakubiec.com/adrenal-fatigue-diet-the-best-foods-to-nourish-your-adrenals/,,Adrenal Fatigue Diet: The Best Foods to Nourish Your Adrenals,Collection,https://drcindyjakubiec.com/adrenal-fatigue-diet-the-best-foods-to-nourish-your-adrenals/,,,,,,
https://eatwithclarity.com/sheet-pan-sesame-tofu-vegetables/,,Crispy Baked Sesame Tofu,Dinner,https://eatwithclarity.com/sheet-pan-sesame-tofu-vegetables/,10,30,bake,https://eatwithclarity.com/wp-content/uploads/2022/04/sesame-tofu-7.jpg,https://eatwithclarity.com/wp-content/uploads/2022/04/sesame-tofu-7.jpg,
https://entsurrey.com/Download/ENT-SURREY/Dietary%20advice%20for%20Laryngopharyngeal%20Reflux.pdf,,-,Collection,https://entsurrey.com/Download/ENT-SURREY/Dietary%20advice%20for%20Laryngopharyngeal%20Reflux.pdf,,,,,,
https://happykitchen.rocks/easy-baked-potato-wedges/,,Easy Baked Potato Wedges,Snack,https://happykitchen.rocks/easy-baked-potato-wedges/,10,50,Bake in oven,https://happykitchen.rocks/wp-content/uploads/2018/02/Easy-Baked-Potato-Wedges-Side-Angle-640x960.jpg,https://happykitchen.rocks/wp-content/uploads/2018/02/Easy-Baked-Potato-Wedges-Side-Angle-640x960.jpg,
https://kaylaskitchandfix.com/oven-baked-chicken-nuggets-gf-df-egg-free-paleo-whole30-chick-fil-a-inspired/,,Oven Baked Chicken Nuggets,Dinner,https://kaylaskitchandfix.com/oven-baked-chicken-nuggets-gf-df-egg-free-paleo-whole30-chick-fil-a-inspired/,45,20,Bake in oven,https://i0.wp.com/kaylaskitchandfix.com/wp-content/uploads/2023/01/OvenBakedChickenNuggets1.jpg?fit=187%2C250&ssl=1,https://i0.wp.com/kaylaskitchandfix.com/wp-content/uploads/2023/01/OvenBakedChickenNuggets1.jpg?fit=187%2C250&ssl=1,
https://makeitdairyfree.com/chickpea-vegan-tuna-salad/,,Chickpea Vegan Tuna Salad,Lunch,https://makeitdairyfree.com/chickpea-vegan-tuna-salad/,15,0,No cooking required,https://makeitdairyfree.com/wp-content/uploads/2019/05/vegan-tuna-salad-3-683x1024.jpg,https://makeitdairyfree.com/wp-content/uploads/2019/05/vegan-tuna-salad-3-683x1024.jpg,
https://mykidslickthebowl.com/apricot-chicken/,,Apricot Chicken,Dinner,https://mykidslickthebowl.com/apricot-chicken/,10,20,Simmer in pan,https://mykidslickthebowl.com/wp-content/uploads/2024/03/Apricot-Chicken-Dinner-150x150.jpg,https://mykidslickthebowl.com/wp-content/uploads/2024/03/Apricot-Chicken-Dinner-150x150.jpg,
https://mykidslickthebowl.com/coconut-chia-pudding/,,Coconut Chia Pudding,Dessert,https://mykidslickthebowl.com/coconut-chia-pudding/,5,0,Refrigerate overnight,https://mykidslickthebowl.com/wp-content/uploads/2024/06/coconut-chia-pudding-pin-150x150.jpg,https://mykidslickthebowl.com/wp-content/uploads/2024/06/coconut-chia-pudding-pin-150x150.jpg,
https://mykidslickthebowl.com/dairy-free-whipped-cream/,,Dairy Free Whipped Cream,Dessert,https://mykidslickthebowl.com/dairy-free-whipped-cream/,10,0,Whip with mixer,https://mykidslickthebowl.com/wp-content/uploads/2023/12/dairy-free-whipped-cream-7.jpg,https://mykidslickthebowl.com/wp-content/uploads/2023/12/dairy-free-whipped-cream-7.jpg,
https://mykidslickthebowl.com/frozen-fruit-pops/,,Real Fruit Popsicles,Dessert,https://mykidslickthebowl.com/frozen-fruit-pops/,10,0,Freeze in molds,https://mykidslickthebowl.com/wp-content/uploads/2024/03/real-fruit-popsicles-18.jpg,https://mykidslickthebowl.com/wp-content/uploads/2024/03/real-fruit-popsicles-18.jpg,
https://mykidslickthebowl.com/mango-chicken-curry-toddler-approved/,,Mango Chicken Curry,Dinner,https://mykidslickthebowl.com/mango-chicken-curry-toddler-approved/,10,55,Simmer in frying pan,https://mykidslickthebowl.com/wp-content/uploads/2024/03/mango-curry-13.jpg,https://mykidslickthebowl.com/wp-content/uploads/2024/03/mango-curry-13.jpg,
https://mykidslickthebowl.com/rice-bubble-slice/,,Simple Rice Bubble Slice Recipe,Dessert,https://mykidslickthebowl.com/rice-bubble-slice/,5,3,Boil and refrigerate,https://mykidslickthebowl.com/wp-content/uploads/2020/02/Rice-bubble-slice.jpg,https://mykidslickthebowl.com/wp-content/uploads/2020/02/Rice-bubble-slice.jpg,
https://mykidslickthebowl.com/strawberry-popsicles/,,Strawberry Popsicles,Dessert,https://mykidslickthebowl.com/strawberry-popsicles/,5,0,Freeze until solid,https://mykidslickthebowl.com/wp-content/uploads/2024/01/strawberry-popsicle-18.jpg,https://mykidslickthebowl.com/wp-content/uploads/2024/01/strawberry-popsicle-18.jpg,
https://mypureplants.com/gluten-free-sweet-potato-gnocchi-vegan,,Vegan Sweet Potato Gnocchi,Dinner,https://mypureplants.com/gluten-free-sweet-potato-gnocchi-vegan,5,15,Boil and fry,https://mypureplants.com/wp-content/uploads/2019/02/Sweet-Potato-Gnocchi1.jpg,https://mypureplants.com/wp-content/uploads/2019/02/Sweet-Potato-Gnocchi1.jpg,
https://natashaskitchen.com/baked-salmon-with-garlic-and-dijon/,,Baked Salmon with the Best Marinade,Dinner,https://natashaskitchen.com/baked-salmon-with-garlic-and-dijon/,5,15,Bake in oven,https://natashaskitchen.com/wp-content/uploads/2024/03/Baked-Salmon-2.jpg,https://natashaskitchen.com/wp-content/uploads/2024/03/Baked-Salmon-2.jpg,
https://nutritionnaturallyforever.com/adrenal-fatigue-recipes-for-a-healthy-menopause/,,Adrenal Fatigue Recipes for a Healthy Menopause,Collection,https://nutritionnaturallyforever.com/adrenal-fatigue-recipes-for-a-healthy-menopause/,,,,,,
https://oliviaadriance.com/dairy-free-marry-me-chicken/,,Dairy-Free Marry Me Chicken,Dinner,https://oliviaadriance.com/dairy-free-marry-me-chicken/,5,25,pan-sear and simmer,https://oliviaadriance.com/wp-content/uploads/2024/05/Final_1_Marry_Me_Chicken-1.jpg,https://oliviaadriance.com/wp-content/uploads/2024/05/Final_1_Marry_Me_Chicken-1.jpg,
https://oliviaadriance.com/marry-me-chicken-meatballs/,,Marry Me Chicken Meatballs,Dinner,https://oliviaadriance.com/marry-me-chicken-meatballs/,10,25,Bake and broil,https://oliviaadriance.com/wp-content/uploads/2024/04/Final_9_Marry_Me_Chicken_Meatballs.jpg,https://oliviaadriance.com/wp-content/uploads/2024/04/Final_9_Marry_Me_Chicken_Meatballs.jpg,
https://onmykidsplate.com/fluffy-pancakes-with-almond-milk/,,Super Fluffy Almond Milk Pancakes,Breakfast,https://onmykidsplate.com/fluffy-pancakes-with-almond-milk/,10,20,Fry on stovetop,https://onmykidsplate.com/wp-content/uploads/2018/12/Fluffy-Almond-Milk-Pancakes-Recipe-stacks-Square.jpg,https://onmykidsplate.com/wp-content/uploads/2018/12/Fluffy-Almond-Milk-Pancakes-Recipe-stacks-Square.jpg,
https://rainbowplantlife.com/25-easy-kid-friendly-vegan-recipes/,,25+ Easy Kid-Friendly Vegan Recipes,Collection,https://rainbowplantlife.com/25-easy-kid-friendly-vegan-recipes/,,,,,,
https://rainbowplantlife.com/tofu-recipes/,,Chipotle Grilled Tofu,Collection,https://rainbowplantlife.com/tofu-recipes/,,,,,,
https://raise.theallergychef.com/category/doughnut-muffin-scone-collection/,,Gluten Free Sweet & Salty Chewy Date Muffins Recipe,Collection,https://raise.theallergychef.com/category/doughnut-muffin-scone-collection/,,,,,,
https://raise.theallergychef.com/category/pancake-waffle-collection/,,"Gluten Free, Egg Free Mango Orange Maple Waffles Recipe",Collection,https://raise.theallergychef.com/category/pancake-waffle-collection/,,,,,,
https://strengthandsunshine.com/gluten-free-chicken-nuggets-allergy-free/,,Gluten-Free Chicken Nuggets,Dinner,https://strengthandsunshine.com/gluten-free-chicken-nuggets-allergy-free/,0,25,Bake in oven,https://strengthandsunshine.com/wp-content/uploads/2016/09/Gluten-Free-Chicken-Nuggets-PM1.jpg,https://strengthandsunshine.com/wp-content/uploads/2016/09/Gluten-Free-Chicken-Nuggets-PM1.jpg,
https://strengthandsunshine.com/homemade-gluten-free-vegan-copycat-pizza-bagel-bites-allergy-free/,,Homemade Gluten-Free Vegan Copycat Pizza Bagel Bites,Snack,https://strengthandsunshine.com/homemade-gluten-free-vegan-copycat-pizza-bagel-bites-allergy-free/,5,5,Bake in oven,https://strengthandsunshine.com/wp-content/uploads/2019/01/Gluten-Free-Vegan-Copycat-Pizza-Bagel-Bites-Allergy-Free-PM1.jpg,https://strengthandsunshine.com/wp-content/uploads/2019/01/Gluten-Free-Vegan-Copycat-Pizza-Bagel-Bites-Allergy-Free-PM1.jpg,
https://strengthandsunshine.com/slow-cooker-taco-chicken/,,Slow Cooker Taco Chicken,Dinner,https://strengthandsunshine.com/slow-cooker-taco-chicken/,2,360,Slow cooker,https://strengthandsunshine.com/wp-content/uploads/2019/04/Slow-Cooker-Taco-Chicken-Gluten-Free-Paleo-Allergy-Free-PM1.jpg,https://strengthandsunshine.com/wp-content/uploads/2019/04/Slow-Cooker-Taco-Chicken-Gluten-Free-Paleo-Allergy-Free-PM1.jpg,
https://theallergychef.com,,My Boys Ate Cake For The First Time And Loved It!,Collection,https://theallergychef.com,,,,,,
https://theallergychef.com/gluten-free-dairy-free-egg-free-toddler-meal-ideas-top-9-free#Use_an_Easy_Meal_Formula,,"Gluten Free, Dairy Free, Egg Free Toddler Meal Ideas (Top 9 Free)",Collection,https://theallergychef.com/gluten-free-dairy-free-egg-free-toddler-meal-ideas-top-9-free#Use_an_Easy_Meal_Formula,,,,,,
https://theallergymumsclub.com/dairy-free-fish-pie/,,Dairy Free Fish Pie,Dinner,https://theallergymumsclub.com/dairy-free-fish-pie/,35,45,Bake,https://theallergymumsclub.com/wp-content/uploads/2022/01/20210621_172741_2-e1674640062232.jpg,https://theallergymumsclub.com/wp-content/uploads/2022/01/20210621_172741_2-e1674640062232.jpg,
https://theallergymumsclub.com/family-meal-plan-free-from-dairy-egg-soy-gluten/,,"Family Meal Plan, Free From Dairy, Egg, Soy & Gluten",Collection,https://theallergymumsclub.com/family-meal-plan-free-from-dairy-egg-soy-gluten/,,,,,,
https://thecolorfulkitchen.com,,Vegan Cookie-Stuffed Cheezecake,Collection,https://thecolorfulkitchen.com,,,,,,
https://thecolorfulkitchen.com/2014/08/12/vegan-avocado-chocolate-chip-cookies/,,Vegan Avocado Chocolate Chip Cookies,Dessert,https://thecolorfulkitchen.com/2014/08/12/vegan-avocado-chocolate-chip-cookies/,10,11-13,Bake,https://thecolorfulkitchen.com/wp-content/uploads/2014/08/Avocado-Chocolate-Chip-Cookies-Vegan-Gluten-Free-2-700x467.jpg,https://thecolorfulkitchen.com/wp-content/uploads/2014/08/Avocado-Chocolate-Chip-Cookies-Vegan-Gluten-Free-2-700x467.jpg,
https://thecolorfulkitchen.com/2017/10/18/vegan-everything-bagel-waffles-carrot-lox,,"Vegan Everything Bagel Waffles with Carrot ""Lox""",Breakfast,https://thecolorfulkitchen.com/2017/10/18/vegan-everything-bagel-waffles-carrot-lox,10,15,Waffle iron,https://thecolorfulkitchen.com/wp-content/uploads/2017/10/Everything-Bagel-Waffles-Vegan-3-700x467.jpg,https://thecolorfulkitchen.com/wp-content/uploads/2017/10/Everything-Bagel-Waffles-Vegan-3-700x467.jpg,
https://thecolorfulkitchen.com/2018/01/29/rosss-super-easy-pasta-dinner-vegan-gluten-free-toddler-friendly-option/,,"Ross's Super Easy Pasta Dinner, Vegan & Gluten-Free",Dinner,https://thecolorfulkitchen.com/2018/01/29/rosss-super-easy-pasta-dinner-vegan-gluten-free-toddler-friendly-option/,10,15,saute and boil,https://thecolorfulkitchen.com/wp-content/uploads/2018/01/Rosss-Favorite-Pasta-Dinner-700x700.jpg,https://thecolorfulkitchen.com/wp-content/uploads/2018/01/Rosss-Favorite-Pasta-Dinner-700x700.jpg,
https://thecolorfulkitchen.com/2018/02/26/kid-friendly-recipe-roundup-vegan-gluten-soy-free-options/),,"Kid-Friendly Recipe Roundup, Vegan + Gluten & Soy Free Options",Collection,https://thecolorfulkitchen.com/2018/02/26/kid-friendly-recipe-roundup-vegan-gluten-soy-free-options/),,,,,,
https://thecolorfulkitchen.com/2018/02/26/kid-friendly-recipe-roundup-vegan-gluten-soy-free-options/) Protein Category: None (vegetable-based,,"The recipe title under the Protein Category: None (vegetable-based) is ""Sweet Potato & Green Mac n’ Cheese.""",Collection,https://thecolorfulkitchen.com/2018/02/26/kid-friendly-recipe-roundup-vegan-gluten-soy-free-options/) Protein Category: None (vegetable-based,,,,,,
https://triedtestedandtrue.com/instantpotrecipes/dairy-free-instant-pot/,,Instant Pot Chicken Enchilada Soup,Collection,https://triedtestedandtrue.com/instantpotrecipes/dairy-free-instant-pot/,,,,,,
https://www.allergyummy.com/recipes/healthy-blueberry-bars/,,Healthy Blueberry Breakfast Bars,Dessert,https://www.allergyummy.com/recipes/healthy-blueberry-bars/,5,30,Bake at 350 F,https://www.allergyummy.com/wp-content/uploads/2018/09/IMG_0629.jpg,https://www.allergyummy.com/wp-content/uploads/2018/09/IMG_0629.jpg,
https://www.allrecipes.com/recipes/200/meat-and-poultry/beef/,,Beef Recipes,Collection,https://www.allrecipes.com/recipes/200/meat-and-poultry/beef/,,,,,,
https://www.amazon.com/Adrenal-Fatigue-Diet-Action-Plan-ebook/dp/B08DHCDZWY,,Adrenal Fatigue Diet & Action Plan,Collection,https://www.amazon.com/Adrenal-Fatigue-Diet-Action-Plan-ebook/dp/B08DHCDZWY,,,,,,
https://www.bbcgoodfood.com/recipes/chicken-gumbo-0,,Easy Chicken Gumbo,Dinner,https://www.bbcgoodfood.com/recipes/chicken-gumbo-0,15,40,Fry and simmer,"https://images.immediate.co.uk/production/volatile/sites/30/2020/08/chicken-gumbo-549dc50.jpg?quality=90&resize=440,400","https://images.immediate.co.uk/production/volatile/sites/30/2020/08/chicken-gumbo-549dc50.jpg?quality=90&resize=440,400",
https://www.bbcgoodfood.com/recipes/chicken-nuggets,,Chicken Nuggets,Dinner,https://www.bbcgoodfood.com/recipes/chicken-nuggets,20,10-15,Bake or air fry,"https://images.immediate.co.uk/production/volatile/sites/30/2020/08/recipe-image-legacy-id-1069633_11-576eb92.jpg?quality=90&resize=93,85","https://images.immediate.co.uk/production/volatile/sites/30/2020/08/recipe-image-legacy-id-1069633_11-576eb92.jpg?quality=90&resize=93,85",
https://www.bbcgoodfood.com/recipes/collection/dairy-free-kids-recipes,,Allergy Friendly Top 8 Free,Collection,https://www.bbcgoodfood.com/recipes/collection/dairy-free-kids-recipes,,,,,,
https://www.bbcgoodfood.com/recipes/easy-spanish-chicken,,Easy Spanish Chicken,Dinner,https://www.bbcgoodfood.com/recipes/easy-spanish-chicken,15,60,Bake in oven,"https://images.immediate.co.uk/production/volatile/sites/30/2022/09/Spanish-Chicken-96abb56.jpg?quality=90&resize=556,505","https://images.immediate.co.uk/production/volatile/sites/30/2022/09/Spanish-Chicken-96abb56.jpg?quality=90&resize=556,505",
https://www.bbcgoodfood.com/recipes/honey-chicken,,Honey Chicken,Dinner,https://www.bbcgoodfood.com/recipes/honey-chicken,15,15,Stir-fry in pan,"https://images.immediate.co.uk/production/volatile/sites/30/2022/09/HoneyChicken-43b6c4c.jpg?quality=90&resize=556,505","https://images.immediate.co.uk/production/volatile/sites/30/2022/09/HoneyChicken-43b6c4c.jpg?quality=90&resize=556,505",
https://www.bbcgoodfood.com/recipes/mexican-penne-avocado,,Tomato Penne with Avocado,Dinner,https://www.bbcgoodfood.com/recipes/mexican-penne-avocado,10,20,Boil and fry,"https://images.immediate.co.uk/production/volatile/sites/30/2020/08/mexican-penne-5cd4efb.jpg?quality=90&resize=440,400","https://images.immediate.co.uk/production/volatile/sites/30/2020/08/mexican-penne-5cd4efb.jpg?quality=90&resize=440,400",
https://www.bbcgoodfood.com/recipes/peanut-butter-chicken,,Peanut Butter Chicken,Dinner,https://www.bbcgoodfood.com/recipes/peanut-butter-chicken,10,40,Fry and simmer,"https://images.immediate.co.uk/production/volatile/sites/30/2020/08/peanut-butter-chicken-37f339a.jpg?quality=90&resize=440,400","https://images.immediate.co.uk/production/volatile/sites/30/2020/08/peanut-butter-chicken-37f339a.jpg?quality=90&resize=440,400",
https://www.bbcgoodfood.com/recipes/salmon-lemon-mini-fish-cakes,,Salmon & Lemon Mini Fish Cakes,Dinner,https://www.bbcgoodfood.com/recipes/salmon-lemon-mini-fish-cakes,30,15,Fry in oil,"https://images.immediate.co.uk/production/volatile/sites/30/2020/08/recipe-image-legacy-id-4451_12-235a9b1.jpg?quality=90&resize=440,400","https://images.immediate.co.uk/production/volatile/sites/30/2020/08/recipe-image-legacy-id-4451_12-235a9b1.jpg?quality=90&resize=440,400",
https://www.bbcgoodfood.com/recipes/sticky-chicken-drumsticks-sesame-rice-salad,,Sticky Chicken Drumsticks & Sesame Rice Salad,Dinner,https://www.bbcgoodfood.com/recipes/sticky-chicken-drumsticks-sesame-rice-salad,10,30,Roast in oven,"https://images.immediate.co.uk/production/volatile/sites/30/2020/08/sticky-chicken-drumsticks-sesame-rice-salad-ea95e18.jpg?quality=90&resize=440,400","https://images.immediate.co.uk/production/volatile/sites/30/2020/08/sticky-chicken-drumsticks-sesame-rice-salad-ea95e18.jpg?quality=90&resize=440,400",
https://www.bbcgoodfood.com/recipes/thai-turkey-stir-fry,,Thai turkey stir-fry,Dinner,https://www.bbcgoodfood.com/recipes/thai-turkey-stir-fry,10,15,Fry in pan,"https://images.immediate.co.uk/production/volatile/sites/30/2020/08/recipe-image-legacy-id-1090471_11-8ff7f4f.jpg?quality=90&resize=440,400","https://images.immediate.co.uk/production/volatile/sites/30/2020/08/recipe-image-legacy-id-1090471_11-8ff7f4f.jpg?quality=90&resize=440,400",
https://www.bbcgoodfood.com/recipes/vegan-chocolate-party-traybake,,Vegan Chocolate Party Traybake,Dessert,https://www.bbcgoodfood.com/recipes/vegan-chocolate-party-traybake,30,45,Bake in oven,"https://images.immediate.co.uk/production/volatile/sites/30/2020/08/chocolate-traybake-f03821c.jpg?quality=90&resize=440,400","https://images.immediate.co.uk/production/volatile/sites/30/2020/08/chocolate-traybake-f03821c.jpg?quality=90&resize=440,400",
https://www.bbcgoodfood.com/recipes/vegan-pasta-bake,,Vegan Pasta Bake,Dinner,https://www.bbcgoodfood.com/recipes/vegan-pasta-bake,20,25,Bake in oven,"https://images.immediate.co.uk/production/volatile/sites/30/2021/06/Mac-n-cheese-01249e4.jpg?quality=90&resize=556,505","https://images.immediate.co.uk/production/volatile/sites/30/2021/06/Mac-n-cheese-01249e4.jpg?quality=90&resize=556,505",
https://www.chop.edu/health-resources/food-medicine-food-therapy-gastroesophageal-reflux,,Food as Medicine: Food Therapy for Gastroesophageal Reflux,Collection,https://www.chop.edu/health-resources/food-medicine-food-therapy-gastroesophageal-reflux,,,,,,
https://www.dairyandsoyfreemama.com/,,"Dairy & Soy-Free ""Cheese"" Grits",Collection,https://www.dairyandsoyfreemama.com/,,,,,,
https://www.dairyandsoyfreemama.com/post/dairy-free-and-soy-free-argentinean-chimichurri-sauce,,Dairy-Free and Soy-Free Argentinean Chimichurri Sauce,Dinner,https://www.dairyandsoyfreemama.com/post/dairy-free-and-soy-free-argentinean-chimichurri-sauce,5,0,No cooking required,"https://static.wixstatic.com/media/7055a3_086b6d3d734e4b4f9e4d1a0de27ae9e7~mv2.png/v1/fill/w_64,h_64,al_c,q_85,usm_0.66_1.00_0.01,blur_2,enc_auto/7055a3_086b6d3d734e4b4f9e4d1a0de27ae9e7~mv2.png","https://static.wixstatic.com/media/7055a3_086b6d3d734e4b4f9e4d1a0de27ae9e7~mv2.png/v1/fill/w_64,h_64,al_c,q_85,usm_0.66_1.00_0.01,blur_2,enc_auto/7055a3_086b6d3d734e4b4f9e4d1a0de27ae9e7~mv2.png",
https://www.dairyandsoyfreemama.com/post/dairy-free-soy-free-avocado-sauce,,Dairy-Free & Soy-Free Avocado Sauce,Snack,https://www.dairyandsoyfreemama.com/post/dairy-free-soy-free-avocado-sauce,5,0,Blend in food processor,"https://static.wixstatic.com/media/7055a3_aa3ed06875cb4e56bb390a056d28bf08~mv2.jpg/v1/fill/w_63,h_51,al_c,q_80,usm_0.66_1.00_0.01,blur_2,enc_auto/7055a3_aa3ed06875cb4e56bb390a056d28bf08~mv2.jpg","https://static.wixstatic.com/media/7055a3_aa3ed06875cb4e56bb390a056d28bf08~mv2.jpg/v1/fill/w_63,h_51,al_c,q_80,usm_0.66_1.00_0.01,blur_2,enc_auto/7055a3_aa3ed06875cb4e56bb390a056d28bf08~mv2.jpg",
https://www.dairyandsoyfreemama.com/post/dairy-free-soy-free-baja-style-chicken-stir-fry,,Dairy-Free & Soy-Free Baja-Style Chicken Stir-Fry,Dinner,https://www.dairyandsoyfreemama.com/post/dairy-free-soy-free-baja-style-chicken-stir-fry,10,10,stir-fry,"https://static.wixstatic.com/media/7055a3_c5cda2190f464a0a869847e3296984e1~mv2.jpg/v1/fill/w_147,h_98,al_c,q_80,usm_0.66_1.00_0.01,blur_2,enc_auto/7055a3_c5cda2190f464a0a869847e3296984e1~mv2.jpg","https://static.wixstatic.com/media/7055a3_c5cda2190f464a0a869847e3296984e1~mv2.jpg/v1/fill/w_147,h_98,al_c,q_80,usm_0.66_1.00_0.01,blur_2,enc_auto/7055a3_c5cda2190f464a0a869847e3296984e1~mv2.jpg",
https://www.dairyandsoyfreemama.com/post/dairy-free-soy-free-buffalo-chicken,,Dairy-Free & Soy-Free Buffalo Chicken,Dinner,https://www.dairyandsoyfreemama.com/post/dairy-free-soy-free-buffalo-chicken,10,16,Sauté and bake,"https://static.wixstatic.com/media/7055a3_a871ace396b342798840b21ed03ba9e3~mv2.jpg/v1/fill/w_125,h_125,al_c,q_80,usm_0.66_1.00_0.01,blur_2,enc_auto/7055a3_a871ace396b342798840b21ed03ba9e3~mv2.jpg","https://static.wixstatic.com/media/7055a3_a871ace396b342798840b21ed03ba9e3~mv2.jpg/v1/fill/w_125,h_125,al_c,q_80,usm_0.66_1.00_0.01,blur_2,enc_auto/7055a3_a871ace396b342798840b21ed03ba9e3~mv2.jpg",
https://www.dairyandsoyfreemama.com/post/dairy-free-soy-free-butternut-squash-risotto,,Dairy-Free & Soy-Free Butternut Squash Risotto,Dinner,https://www.dairyandsoyfreemama.com/post/dairy-free-soy-free-butternut-squash-risotto,10,30,Stir on stovetop,"https://static.wixstatic.com/media/7055a3_7db3f5077c9446a09d1a637d8f55ce1d~mv2.jpg/v1/fill/w_180,h_180,al_c,q_80,blur_3,enc_auto/7055a3_7db3f5077c9446a09d1a637d8f55ce1d~mv2.jpg","https://static.wixstatic.com/media/7055a3_7db3f5077c9446a09d1a637d8f55ce1d~mv2.jpg/v1/fill/w_180,h_180,al_c,q_80,blur_3,enc_auto/7055a3_7db3f5077c9446a09d1a637d8f55ce1d~mv2.jpg",
https://www.dairyandsoyfreemama.com/post/dairy-free-soy-free-chewy-fudge-cookies,,Dairy-Free & Soy-Free Chewy Fudge Cookies,Dessert,https://www.dairyandsoyfreemama.com/post/dairy-free-soy-free-chewy-fudge-cookies,10,10,Bake,"https://static.wixstatic.com/media/nsplsh_76464d4a4e5a7a33783945~mv2_d_5184_3456_s_4_2.jpg/v1/fill/w_147,h_98,al_c,q_80,usm_0.66_1.00_0.01,blur_2,enc_auto/nsplsh_76464d4a4e5a7a33783945~mv2_d_5184_3456_s_4_2.jpg","https://static.wixstatic.com/media/nsplsh_76464d4a4e5a7a33783945~mv2_d_5184_3456_s_4_2.jpg/v1/fill/w_147,h_98,al_c,q_80,usm_0.66_1.00_0.01,blur_2,enc_auto/nsplsh_76464d4a4e5a7a33783945~mv2_d_5184_3456_s_4_2.jpg",
https://www.dairyandsoyfreemama.com/post/dairy-free-soy-free-chicken-pot-pie,,Dairy-Free & Soy-Free Chicken Pot Pie,Dinner,https://www.dairyandsoyfreemama.com/post/dairy-free-soy-free-chicken-pot-pie,10,50,Bake in oven,"https://static.wixstatic.com/media/7055a3_803372078f634fe9b69e098f2c0f3bd0~mv2.jpg/v1/fill/w_147,h_194,al_c,q_80,usm_0.66_1.00_0.01,blur_2,enc_auto/7055a3_803372078f634fe9b69e098f2c0f3bd0~mv2.jpg","https://static.wixstatic.com/media/7055a3_803372078f634fe9b69e098f2c0f3bd0~mv2.jpg/v1/fill/w_147,h_194,al_c,q_80,usm_0.66_1.00_0.01,blur_2,enc_auto/7055a3_803372078f634fe9b69e098f2c0f3bd0~mv2.jpg",
https://www.dairyandsoyfreemama.com/post/dairy-free-soy-free-sloppy-joes,,Dairy-Free & Soy-Free Sloppy Joes,Dinner,https://www.dairyandsoyfreemama.com/post/dairy-free-soy-free-sloppy-joes,5,26,Skillet over medium-high heat,"https://static.wixstatic.com/media/7055a3_7958a343be3d476787e2a7387ed8b262~mv2.jpg/v1/fill/w_147,h_98,al_c,q_80,usm_0.66_1.00_0.01,blur_2,enc_auto/7055a3_7958a343be3d476787e2a7387ed8b262~mv2.jpg","https://static.wixstatic.com/media/7055a3_7958a343be3d476787e2a7387ed8b262~mv2.jpg/v1/fill/w_147,h_98,al_c,q_80,usm_0.66_1.00_0.01,blur_2,enc_auto/7055a3_7958a343be3d476787e2a7387ed8b262~mv2.jpg",
https://www.dairyandsoyfreemama.com/post/dairy-soy-free-cheese-grits,,"Dairy & Soy-Free ""Cheese"" Grits",Breakfast,https://www.dairyandsoyfreemama.com/post/dairy-soy-free-cheese-grits,0,5,stovetop,"https://static.wixstatic.com/media/7055a3_23640e8b51de42d3bcaa14223cd71057~mv2.jpeg/v1/fill/w_147,h_159,al_c,q_80,usm_0.66_1.00_0.01,blur_2,enc_auto/7055a3_23640e8b51de42d3bcaa14223cd71057~mv2.jpeg","https://static.wixstatic.com/media/7055a3_23640e8b51de42d3bcaa14223cd71057~mv2.jpeg/v1/fill/w_147,h_159,al_c,q_80,usm_0.66_1.00_0.01,blur_2,enc_auto/7055a3_23640e8b51de42d3bcaa14223cd71057~mv2.jpeg",
https://www.dairyandsoyfreemama.com/post/dairyfree-soyfree-pumpkin-pie,,"Dairy-Free & Soy-Free Pumpkin Pie (Nut-Free, Too!)",Dessert,https://www.dairyandsoyfreemama.com/post/dairyfree-soyfree-pumpkin-pie,10,65,Bake in oven,"https://static.wixstatic.com/media/f1aac85a84944d07b6ddc06808475d5f.jpg/v1/fill/w_147,h_98,al_c,q_80,usm_0.66_1.00_0.01,blur_2,enc_auto/f1aac85a84944d07b6ddc06808475d5f.jpg","https://static.wixstatic.com/media/f1aac85a84944d07b6ddc06808475d5f.jpg/v1/fill/w_147,h_98,al_c,q_80,usm_0.66_1.00_0.01,blur_2,enc_auto/f1aac85a84944d07b6ddc06808475d5f.jpg",
https://www.dairyandsoyfreemama.com/post/diary-free-soy-free-lemon-bars,,Diary-Free & Soy-Free Lemon Bars,Dessert,https://www.dairyandsoyfreemama.com/post/diary-free-soy-free-lemon-bars,10,40,Bake,"https://static.wixstatic.com/media/7055a3_b97322873f8d4f7396b9db9977d0e18c~mv2.jpg/v1/fill/w_92,h_54,al_c,q_80,usm_0.66_1.00_0.01,blur_2,enc_auto/7055a3_b97322873f8d4f7396b9db9977d0e18c~mv2.jpg","https://static.wixstatic.com/media/7055a3_b97322873f8d4f7396b9db9977d0e18c~mv2.jpg/v1/fill/w_92,h_54,al_c,q_80,usm_0.66_1.00_0.01,blur_2,enc_auto/7055a3_b97322873f8d4f7396b9db9977d0e18c~mv2.jpg",
https://www.drlamcoaching.com/recipes/4-pressure-cooker-recipes-to-fight-stress/,,4 Pressure Cooker Recipes to Fight Stress,Collection,https://www.drlamcoaching.com/recipes/4-pressure-cooker-recipes-to-fight-stress/,,,,,,
https://www.drugstoredivas.net/vegan-penne-alla-vodka/,,Vegan Penne Alla Vodka Recipe,Dinner,https://www.drugstoredivas.net/vegan-penne-alla-vodka/,0,20,Boil and sauté,https://www.drugstoredivas.net/wp-content/uploads/2019/03/vegan-penne-alla-vodka-recipe-image.png,https://www.drugstoredivas.net/wp-content/uploads/2019/03/vegan-penne-alla-vodka-recipe-image.png,
https://www.everydayallergenfree.com/home/2022/6/29/one-pan-chewy-baked-oatmeal-sunbutter-nut-free-vegan,,One Pan Chewy Baked Oatmeal,Breakfast,https://www.everydayallergenfree.com/home/2022/6/29/one-pan-chewy-baked-oatmeal-sunbutter-nut-free-vegan,5,27,bake,https://images.squarespace-cdn.com/content/v1/577028116b8f5b047c020f3b/93ad5fc8-2708-4198-9426-acd42ea68941/Everyday+Allergen+Free+Sunbutter+Chewy+No+Bake+Oatmeal.jpg,https://images.squarespace-cdn.com/content/v1/577028116b8f5b047c020f3b/93ad5fc8-2708-4198-9426-acd42ea68941/Everyday+Allergen+Free+Sunbutter+Chewy+No+Bake+Oatmeal.jpg,
https://www.everydayallergenfree.com/home/oven-baked-crispy-fried-chicken-egg-free-gluten-free-dairy-free-nut-free,,Oven Baked Crispy Chicken,Dinner,https://www.everydayallergenfree.com/home/oven-baked-crispy-fried-chicken-egg-free-gluten-free-dairy-free-nut-free,10,30,Bake and broil,https://images.squarespace-cdn.com/content/v1/577028116b8f5b047c020f3b/1582226507822-YPTVXCEH3SVZYT23VCTW/crispy+chicken+3+cropped.jpg,https://images.squarespace-cdn.com/content/v1/577028116b8f5b047c020f3b/1582226507822-YPTVXCEH3SVZYT23VCTW/crispy+chicken+3+cropped.jpg,
https://www.foodnetwork.com/recipes/food-network-kitchen/grilled-flank-steak-recipe-2011580,,"1. **Grilled Flank Steak**: Simple grilled steak, great for quick meals.",Dinner,https://www.foodnetwork.com/recipes/food-network-kitchen/grilled-flank-steak-recipe-2011580,,,,,,
https://www.jaroflemons.com/dairy-free-tuscan-chicken-skillet/,,Dairy-Free Tuscan Chicken,Dinner,https://www.jaroflemons.com/dairy-free-tuscan-chicken-skillet/,10,30,Cook in skillet,https://www.jaroflemons.com/wp-content/uploads/2022/02/Dairy-Free-Tuscan-Chicken-4-765x1148.jpg,https://www.jaroflemons.com/wp-content/uploads/2022/02/Dairy-Free-Tuscan-Chicken-4-765x1148.jpg,
https://www.kitchengonerogue.com/recipe/sweet-dairy-free-cornbread,,Sweet Dairy-Free Cornbread,Dinner,https://www.kitchengonerogue.com/recipe/sweet-dairy-free-cornbread,5,25,Bake in oven,https://www.kitchengonerogue.com/wp-content/uploads/2017/04/sweet-dairy-free-cornbread-recipe-kitchen-gone-rogue_opt-768x1024.jpg,https://www.kitchengonerogue.com/wp-content/uploads/2017/04/sweet-dairy-free-cornbread-recipe-kitchen-gone-rogue_opt-768x1024.jpg,
https://www.loveandlemons.com/chickpea-curry/,,1\. **Chickpea Curry**: Hearty and filling vegetarian curry.,Dinner,https://www.loveandlemons.com/chickpea-curry/,,,,,,
https://www.netmums.com/coffeehouse/family-food-recipes-555/food-tips-ideas-556/827848-help-need-dairy-egg-soya-free-meal-ideas.html,,"Help - Need Dairy, Egg, and Soya Free Meal Ideas.",Collection,https://www.netmums.com/coffeehouse/family-food-recipes-555/food-tips-ideas-556/827848-help-need-dairy-egg-soya-free-meal-ideas.html,,,,,,
https://www.pinterest.com/veravchapman/dairy-and-egg-free-toddler-meals/,,I am unable to access the content of the Pinterest page to retrieve the recipe title.,Collection,https://www.pinterest.com/veravchapman/dairy-and-egg-free-toddler-meals/,,,,,,
https://www.reddit.com/r/Cooking/comments/13zwtc5/egg_and_dairy_free_recipes_for_toddler/,,Egg And Dairy Free Recipes For Toddler,Collection,https://www.reddit.com/r/Cooking/comments/13zwtc5/egg_and_dairy_free_recipes_for_toddler/,,,,,,
https://www.reddit.com/r/foodbutforbabies/comments/1eeeukr/meal_ideas_for_allergic_toddler_egg_and_dairy_free/),,Meal Ideas for Allergic Toddler! Egg and Dairy Free,Collection,https://www.reddit.com/r/foodbutforbabies/comments/1eeeukr/meal_ideas_for_allergic_toddler_egg_and_dairy_free/),,,,,,
https://www.reddit.com/r/MSPI/comments/1bxn9vc/baby_reflux_and_total_elimination_diets/,,Baby Reflux And Total Elimination Diets,Snack,https://www.reddit.com/r/MSPI/comments/1bxn9vc/baby_reflux_and_total_elimination_diets/,The webpage does not contain any specific prep time information.,The webpage does not contain any cook time information.,No cooking method provided.,The webpage does not contain a preview image of a dish.,The webpage does not contain a preview image of a dish.,
https://www.simplylauraleigh.com/spinach-kale-muffins/,,I am unable to retrieve the recipe title from the provided URL as the webpage is not accessible.,Snack,https://www.simplylauraleigh.com/spinach-kale-muffins/,I don't know.,"I can't extract the cook time from the text you provided, as it doesn't contain any specific time information.",Unable to extract cook method.,I am unable to access the webpage to retrieve the preview image URL.,I am unable to access the webpage to retrieve the preview image URL.,
https://www.spendwithpennies.com/pan-seared-tilapia/,,2\. **Pan-Seared Tilapia**: Quick and easy fish for any meal.,Dinner,https://www.spendwithpennies.com/pan-seared-tilapia/,,,,,,
https://www.tasteofhome.com/collection/dairy-free-recipes-for-kids/?srsltid=AfmBOorwicQUwJD8hGuAGFv08jZze7gPj_qgV09JQSTGUST__cS8rC0Y,,28 Dairy-Free Recipes for Toddlers and Kids,Collection,https://www.tasteofhome.com/collection/dairy-free-recipes-for-kids/,,,,,,
https://www.tasteofhome.com/recipes/beef-veggie-sloppy-joes,,Beef & Veggie Sloppy Joes,Dinner,https://www.tasteofhome.com/recipes/beef-veggie-sloppy-joes,5,25,Skillet over medium heat,https://www.tasteofhome.com/wp-content/uploads/2018/01/Sloppy-Joes-Sandwiches_EXPS_DIYD19_31740_B05_14_2b-6.jpg,https://www.tasteofhome.com/wp-content/uploads/2018/01/Sloppy-Joes-Sandwiches_EXPS_DIYD19_31740_B05_14_2b-6.jpg,
https://www.tasteofhome.com/recipes/cashew-chicken-with-noodles/,,Cashew Chicken with Noodles,Dinner,https://www.tasteofhome.com/recipes/cashew-chicken-with-noodles/,10,10,Saute in skillet,https://www.tasteofhome.com/wp-content/uploads/2018/01/Cashew-Chicken-with-Noodles_EXPS_CHBZ19_122361_C10_24_9b-4.jpg,https://www.tasteofhome.com/wp-content/uploads/2018/01/Cashew-Chicken-with-Noodles_EXPS_CHBZ19_122361_C10_24_9b-4.jpg,
https://www.tasteofhome.com/recipes/chicken-rice-skillet,,Chicken and Rice Dinner,Dinner,https://www.tasteofhome.com/recipes/chicken-rice-skillet,15,50,Bake in oven,https://www.tasteofhome.com/wp-content/uploads/2018/01/Chicken-and-Rice-Dinner_EXPS_FT21_149_F_0804_1.jpg,https://www.tasteofhome.com/wp-content/uploads/2018/01/Chicken-and-Rice-Dinner_EXPS_FT21_149_F_0804_1.jpg,
https://www.tasteofhome.com/recipes/chip-crusted-chicken/,,Chip-Crusted Chicken,Dinner,https://www.tasteofhome.com/recipes/chip-crusted-chicken/,10,20,bake,https://www.tasteofhome.com/wp-content/uploads/2018/01/Chip-Crusted-Chicken_exps45455_SD1785596D52A_RMS-7.jpg,https://www.tasteofhome.com/wp-content/uploads/2018/01/Chip-Crusted-Chicken_exps45455_SD1785596D52A_RMS-7.jpg,
https://www.tasteofhome.com/recipes/grilled-salmon-with-avocado-salsa/,,Grilled Salmon with Avocado Salsa,Dinner,https://www.tasteofhome.com/recipes/grilled-salmon-with-avocado-salsa/,15,10,Grill,https://www.tasteofhome.com/wp-content/uploads/2024/08/Grilled-Salmon-with-Avocado-Salsa_EXPS_TOHD24_51804_ChristineMa_1.jpg,https://www.tasteofhome.com/wp-content/uploads/2024/08/Grilled-Salmon-with-Avocado-Salsa_EXPS_TOHD24_51804_ChristineMa_1.jpg,
https://www.tasteofhome.com/recipes/ground-beef-spaghetti-skillet/,,Ground Beef Spaghetti Skillet,Dinner,https://www.tasteofhome.com/recipes/ground-beef-spaghetti-skillet/,10,20,stovetop,https://www.tasteofhome.com/wp-content/uploads/0001/01/Ground-Beef-Spaghetti-Skillet_EXPS_SDFM19_177728_C10_18_1b.jpg,https://www.tasteofhome.com/wp-content/uploads/0001/01/Ground-Beef-Spaghetti-Skillet_EXPS_SDFM19_177728_C10_18_1b.jpg,
https://www.tasteofhome.com/recipes/italian-beef-and-shells/,,Italian Beef and Shells,Dinner,https://www.tasteofhome.com/recipes/italian-beef-and-shells/,10,20,stovetop,https://www.tasteofhome.com/wp-content/uploads/2018/01/Italian-Beef-and-Shells_EXPS_GBBZ19_48898_B11_28_10b-3.jpg,https://www.tasteofhome.com/wp-content/uploads/2018/01/Italian-Beef-and-Shells_EXPS_GBBZ19_48898_B11_28_10b-3.jpg,
https://www.tasteofhome.com/recipes/mini-meat-loaf-sheet-pan-meal/,,Mini Meat Loaf Sheet-Pan Meal,Dinner,https://www.tasteofhome.com/recipes/mini-meat-loaf-sheet-pan-meal/,35,40,Bake,https://www.tasteofhome.com/wp-content/uploads/2019/02/Mini-Meat-Loaf-Sheet-Pan-Meal_EXPS_SDAM19_229129_B12_05_1b-5.jpg,https://www.tasteofhome.com/wp-content/uploads/2019/02/Mini-Meat-Loaf-Sheet-Pan-Meal_EXPS_SDAM19_229129_B12_05_1b-5.jpg,
https://www.tasteofhome.com/recipes/mom-s-sloppy-tacos/,,Mom's Sloppy Tacos,Dinner,https://www.tasteofhome.com/recipes/mom-s-sloppy-tacos/,15,15,Skillet cooking,https://www.tasteofhome.com/wp-content/uploads/2024/10/Beef-Tacos_TOHD24_68285_NicolePerry-7_EXPS-scaled.jpg,https://www.tasteofhome.com/wp-content/uploads/2024/10/Beef-Tacos_TOHD24_68285_NicolePerry-7_EXPS-scaled.jpg,
https://www.tasteofhome.com/recipes/mom-s-spanish-rice,,Mom's Spanish Rice,Dinner,https://www.tasteofhome.com/recipes/mom-s-spanish-rice,10,10,Skillet cooking,https://www.tasteofhome.com/wp-content/uploads/2018/01/Mom-s-Spanish-Rice_EXPS_FT24_165072_EC_060624_2.jpg,https://www.tasteofhome.com/wp-content/uploads/2018/01/Mom-s-Spanish-Rice_EXPS_FT24_165072_EC_060624_2.jpg,
https://www.tasteofhome.com/recipes/my-favorite-chili-dogs/,,My Favorite Chili Dogs,Dinner,https://www.tasteofhome.com/recipes/my-favorite-chili-dogs/,20,60,Simmer and boil,https://www.tasteofhome.com/wp-content/uploads/2018/01/exps121014_TH163621B02_18_4b-2.jpg,https://www.tasteofhome.com/wp-content/uploads/2018/01/exps121014_TH163621B02_18_4b-2.jpg,
https://www.tasteofhome.com/recipes/one-pot-beef-pepper-stew/,,One-Pot Beef & Pepper Stew,Dinner,https://www.tasteofhome.com/recipes/one-pot-beef-pepper-stew/,15,65,Dutch oven simmer,https://www.tasteofhome.com/wp-content/uploads/2018/01/Favorite-Hamburger-Stew_EXPS_FT24_21692_ST_0308_1.jpg,https://www.tasteofhome.com/wp-content/uploads/2018/01/Favorite-Hamburger-Stew_EXPS_FT24_21692_ST_0308_1.jpg,
https://www.tasteofhome.com/recipes/pizza-flavored-pasta-sauce/,,Pizza-Flavored Pasta Sauce,Dinner,https://www.tasteofhome.com/recipes/pizza-flavored-pasta-sauce/,5,20,Skillet cooking,https://www.tasteofhome.com/wp-content/uploads/2018/01/Pizza-Flavored-Pasta-Sauce_exps23494_TH132767B05_02_3bC_RMS-6.jpg,https://www.tasteofhome.com/wp-content/uploads/2018/01/Pizza-Flavored-Pasta-Sauce_exps23494_TH132767B05_02_3bC_RMS-6.jpg,
https://www.tasteofhome.com/recipes/polynesian-pulled-chicken/,,Polynesian Pulled Chicken,Dinner,https://www.tasteofhome.com/recipes/polynesian-pulled-chicken/,15,195,Slow cooker,https://www.tasteofhome.com/wp-content/uploads/2018/01/exps77737_EDSC153431C01_15_3bC_RMS.jpg,https://www.tasteofhome.com/wp-content/uploads/2018/01/exps77737_EDSC153431C01_15_3bC_RMS.jpg,
https://www.tasteofhome.com/recipes/quick-beef-vegetable-soup/,,Quick Beef Vegetable Soup,Dinner,https://www.tasteofhome.com/recipes/quick-beef-vegetable-soup/,20,540,slow cooker,https://www.tasteofhome.com/wp-content/uploads/2018/01/Quick-Beef-Vegetable-Soup_EXPS_SBZ19_30067_B09_19_4b-3.jpg,https://www.tasteofhome.com/wp-content/uploads/2018/01/Quick-Beef-Vegetable-Soup_EXPS_SBZ19_30067_B09_19_4b-3.jpg,
https://www.tasteofhome.com/recipes/root-beer-glazed-chicken/,,Root Beer Glazed Chicken,Dinner,https://www.tasteofhome.com/recipes/root-beer-glazed-chicken/,10,20,Skillet cooking,https://www.tasteofhome.com/wp-content/uploads/2018/01/Root-Beer-Glazed-Chicken_exps96438_SD2401787A04_13_1b_RMS-6.jpg,https://www.tasteofhome.com/wp-content/uploads/2018/01/Root-Beer-Glazed-Chicken_exps96438_SD2401787A04_13_1b_RMS-6.jpg,
https://www.tasteofhome.com/recipes/skillet-beef-and-macaroni/,,Macaroni and Beef,Dinner,https://www.tasteofhome.com/recipes/skillet-beef-and-macaroni/,10,20,stovetop,https://www.tasteofhome.com/wp-content/uploads/2024/10/Skillet-Beef-and-Macaroni_EXPS_TOHD24_4467_MelissaPatterson_10.jpg,https://www.tasteofhome.com/wp-content/uploads/2024/10/Skillet-Beef-and-Macaroni_EXPS_TOHD24_4467_MelissaPatterson_10.jpg,
https://www.tasteofhome.com/recipes/slow-cooker-meatball-stew/,,- [ ] **Slow-Cooker Meatball Stew** -,Dinner,https://www.tasteofhome.com/recipes/slow-cooker-meatball-stew/,,,,,,
https://www.tasteofhome.com/recipes/southwestern-goulash/,,Southwestern Goulash,Dinner,https://www.tasteofhome.com/recipes/southwestern-goulash/,10,15,stovetop,https://www.tasteofhome.com/wp-content/uploads/2018/01/Southwestern-Goulash_EXPS_SDDJ17_39880_16_C08_03_3b-7.jpg,https://www.tasteofhome.com/wp-content/uploads/2018/01/Southwestern-Goulash_EXPS_SDDJ17_39880_16_C08_03_3b-7.jpg,
https://www.tasteofhome.com/recipes/spanish-noodles-ground-beef,,Spanish Noodles & Ground Beef,Dinner,https://www.tasteofhome.com/recipes/spanish-noodles-ground-beef,15,10,Skillet cooking,https://www.tasteofhome.com/wp-content/uploads/2024/10/EXPS_TOHD24_15037_SuzanNajjar-5.jpg,https://www.tasteofhome.com/wp-content/uploads/2024/10/EXPS_TOHD24_15037_SuzanNajjar-5.jpg,
https://www.tasteofhome.com/recipes/spanish-noodles/,,-,Dinner,https://www.tasteofhome.com/recipes/spanish-noodles/,,,,,,
https://www.tasteofhome.com/recipes/sweet-potato-crusted-chicken-nuggets/,,Sweet Potato-Crusted Chicken Nuggets,Dinner,https://www.tasteofhome.com/recipes/sweet-potato-crusted-chicken-nuggets/,15,15,deep-fry,https://www.tasteofhome.com/wp-content/uploads/2018/01/Sweet-Potato-Crusted-Chicken-Nuggets_EXPS_SDFM18_206924_C10_05_4b-3.jpg,https://www.tasteofhome.com/wp-content/uploads/2018/01/Sweet-Potato-Crusted-Chicken-Nuggets_EXPS_SDFM18_206924_C10_05_4b-3.jpg,
https://www.tasteofhome.com/recipes/tender-beef-over-noodles/,,Tender Beef Over Noodles,Dinner,https://www.tasteofhome.com/recipes/tender-beef-over-noodles/,15,330,Slow cooker,https://www.tasteofhome.com/wp-content/uploads/2018/01/Tender-Beef-over-Noodles_EXPS_CF2BZ19_28052_C01_03_4b-1.jpg,https://www.tasteofhome.com/wp-content/uploads/2018/01/Tender-Beef-over-Noodles_EXPS_CF2BZ19_28052_C01_03_4b-1.jpg,
https://www.theallergychef.com/gluten-free-dairy-free-egg-free-toddler-meal-ideas-top-9-free#Top_9_Allergy_Free_Gluten_Free_Toddler_Meal_Ideas_as_Photoed,,"Gluten Free, Dairy Free, Egg Free Toddler Meal Ideas (Top 9 Free)",Collection,https://www.theallergychef.com/gluten-free-dairy-free-egg-free-toddler-meal-ideas-top-9-free#Top_9_Allergy_Free_Gluten_Free_Toddler_Meal_Ideas_as_Photoed,,,,,,
https://www.thekitchn.com/how-to-make-pulled-pork-in-the-slow-cooker-77841,,1\. **Slow Cooker Pulled Pork**: Tender pulled pork for an easy meal.,Dinner,https://www.thekitchn.com/how-to-make-pulled-pork-in-the-slow-cooker-77841,,,,,,
https://www.theysayparenting.com/recipes/20-kid-friendly-dairy-and-soy-free-recipes/,,20 Kid-Friendly Dairy and Soy Free Recipes,Collection,https://www.theysayparenting.com/recipes/20-kid-friendly-dairy-and-soy-free-recipes/,,,,,,
https://www.wholesomeyum.com/recipes/how-to-make-baked-zucchini-chips/,,Baked Zucchini Chips,Snack,https://www.wholesomeyum.com/recipes/how-to-make-baked-zucchini-chips/,10,150,Bake in oven,https://www.wholesomeyum.com/wp-content/uploads/2019/07/wholesomeyum-Baked-Zucchini-Chips-22.jpg,https://www.wholesomeyum.com/wp-content/uploads/2019/07/wholesomeyum-Baked-Zucchini-Chips-22.jpg,
https://www.womenshealthnetwork.com/nutrition/healthy-recipes-for-your-instant-pot/,,5 Healthy Recipes for Your Instant Pot (or Any Pressure Cooker),Collection,https://www.womenshealthnetwork.com/nutrition/healthy-recipes-for-your-instant-pot/,,,,,,
https://www.yummytoddlerfood.com/3-ingredient-crispy-rice-crispy-treats/,,Peanut Butter Rice Crispy Treats,Dessert,https://www.yummytoddlerfood.com/3-ingredient-crispy-rice-crispy-treats/,15,0,No-bake,https://www.yummytoddlerfood.com/wp-content/uploads/2021/01/peanut-butter-rice-krispie-bars-on-parchment.jpg,https://www.yummytoddlerfood.com/wp-content/uploads/2021/01/peanut-butter-rice-krispie-bars-on-parchment.jpg,
https://www.yummytoddlerfood.com/big-batch-veggie-bean-chili/,,Gluten-Free Vegan Blueberry Banana Bread,Dinner,https://www.yummytoddlerfood.com/big-batch-veggie-bean-chili/,10,40,Stove top or slow cooker,https://www.yummytoddlerfood.com/wp-content/uploads/2024/01/veggie-chili-in-two-bowls-on-table.jpg,https://www.yummytoddlerfood.com/wp-content/uploads/2024/01/veggie-chili-in-two-bowls-on-table.jpg,
https://www.yummytoddlerfood.com/chickpea-fritters/,,Easy Chickpea Fritters,Lunch,https://www.yummytoddlerfood.com/chickpea-fritters/,10,8,Pan-fry or air fry,https://www.yummytoddlerfood.com/wp-content/uploads/2024/01/chickpea-fritters-on-plate-with-cucumbers.jpg,https://www.yummytoddlerfood.com/wp-content/uploads/2024/01/chickpea-fritters-on-plate-with-cucumbers.jpg,
https://www.yummytoddlerfood.com/crispy-fish-nuggets/,,Crispy Fish Nuggets,Lunch,https://www.yummytoddlerfood.com/crispy-fish-nuggets/,10,10,Bake in oven,https://www.yummytoddlerfood.com/wp-content/uploads/2023/10/Fish-Nuggets-7-horiz.jpg,https://www.yummytoddlerfood.com/wp-content/uploads/2023/10/Fish-Nuggets-7-horiz.jpg,
https://www.yummytoddlerfood.com/easiest-homemade-uncrustables/,,Easiest Homemade Uncrustables,Lunch,https://www.yummytoddlerfood.com/easiest-homemade-uncrustables/,5,0,No cooking required,https://www.yummytoddlerfood.com/wp-content/uploads/2020/08/homemade-uncrustable-in-lunchbox.jpg,https://www.yummytoddlerfood.com/wp-content/uploads/2020/08/homemade-uncrustable-in-lunchbox.jpg,
https://www.yummytoddlerfood.com/easy-fruit-popsicles/,,Easy Fruit Popsicles,Dessert,https://www.yummytoddlerfood.com/easy-fruit-popsicles/,5,0,Freeze until firm,https://www.yummytoddlerfood.com/wp-content/uploads/2023/05/fruit-popsicles-on-plate.jpg,https://www.yummytoddlerfood.com/wp-content/uploads/2023/05/fruit-popsicles-on-plate.jpg,
https://www.yummytoddlerfood.com/easy-red-lentil-soup-with-sweet-potato-and-coconut/,,Easy Red Lentil Soup,Dinner,https://www.yummytoddlerfood.com/easy-red-lentil-soup-with-sweet-potato-and-coconut/,15,20,stovetop,https://www.yummytoddlerfood.com/wp-content/uploads/2019/10/red-lentil-soup.jpg,https://www.yummytoddlerfood.com/wp-content/uploads/2019/10/red-lentil-soup.jpg,
https://www.yummytoddlerfood.com/family-style-grain-bowls-with-diy-toppings/,,Easy Vegetarian Burrito Bowls,Lunch,https://www.yummytoddlerfood.com/family-style-grain-bowls-with-diy-toppings/,20,15,"Prepare, warm, assemble",https://www.yummytoddlerfood.com/wp-content/uploads/2024/02/Vegetarian-Burrito-Bowl-6-horiz.jpg,https://www.yummytoddlerfood.com/wp-content/uploads/2024/02/Vegetarian-Burrito-Bowl-6-horiz.jpg,
https://www.yummytoddlerfood.com/healthy-breakfast-bars-recipe/,,Healthy Breakfast Bars with Jam,Breakfast,https://www.yummytoddlerfood.com/healthy-breakfast-bars-recipe/,15,24,Bake in oven,https://www.yummytoddlerfood.com/wp-content/uploads/2019/01/breakfast-bars-on-white-cutting-board-1024x682.jpg,https://www.yummytoddlerfood.com/wp-content/uploads/2019/01/breakfast-bars-on-white-cutting-board-1024x682.jpg,
https://www.yummytoddlerfood.com/healthy-sugar-cookies/,,Easy Sugar Cookies,Dessert,https://www.yummytoddlerfood.com/healthy-sugar-cookies/,20,7,Bake in oven,https://www.yummytoddlerfood.com/wp-content/uploads/2018/11/healthy-sugar-cookies-with-icing.jpg,https://www.yummytoddlerfood.com/wp-content/uploads/2018/11/healthy-sugar-cookies-with-icing.jpg,
https://www.yummytoddlerfood.com/quick-pastina-soup/,,Quick Pastina Soup,Lunch,https://www.yummytoddlerfood.com/quick-pastina-soup/,10,20,Simmer in pot,https://www.yummytoddlerfood.com/wp-content/uploads/2022/09/Pastina-Soup-6-horiz.jpg,https://www.yummytoddlerfood.com/wp-content/uploads/2022/09/Pastina-Soup-6-horiz.jpg,
https://www.yummytoddlerfood.com/quick-unstuffed-peppers/,,Easy Stuffed Peppers Skillet,Dinner,https://www.yummytoddlerfood.com/quick-unstuffed-peppers/,10,25,Skillet cooking,https://www.yummytoddlerfood.com/wp-content/uploads/2022/02/skillet-stuffed-peppers-in-adult-and-kid-bowl.jpg,https://www.yummytoddlerfood.com/wp-content/uploads/2022/02/skillet-stuffed-peppers-in-adult-and-kid-bowl.jpg,
https://www.yummytoddlerfood.com/toddler-smoothies-with-hidden-veggies/,,Favorite Toddler Smoothie (With Veggies!),Snack,https://www.yummytoddlerfood.com/toddler-smoothies-with-hidden-veggies/,5,0,Blend ingredients,https://www.yummytoddlerfood.com/wp-content/uploads/2021/04/toddler-smoothies-in-mason-jars.jpg,https://www.yummytoddlerfood.com/wp-content/uploads/2021/04/toddler-smoothies-in-mason-jars.jpg,
https://www.yummytoddlerfood.com/vegan-banana-pancakes/,,Fluffy Vegan Banana Pancakes,Breakfast,https://www.yummytoddlerfood.com/vegan-banana-pancakes/,10,10,Fry in skillet,https://www.yummytoddlerfood.com/wp-content/uploads/2022/03/vegan-banana-pancakes-on-pink-plate.jpg,https://www.yummytoddlerfood.com/wp-content/uploads/2022/03/vegan-banana-pancakes-on-pink-plate.jpg,
https://www.yummytoddlerfood.com/vegetarian-hummus-wraps/,,Vegetarian Hummus Wraps,Lunch,https://www.yummytoddlerfood.com/vegetarian-hummus-wraps/,5,0,No-cook,https://www.yummytoddlerfood.com/wp-content/uploads/2022/03/Hummus-Wrap-10-horiz.jpg,https://www.yummytoddlerfood.com/wp-content/uploads/2022/03/Hummus-Wrap-10-horiz.jpg,
